# key	kind	tui	summary	hub
INCLUDE	value	preset	1	trusted
BENCHMARK	boolean	toggle	1	trusted
GAMEMODE	boolean	toggle	1	trusted
MANGOHUD	boolean	toggle	1	trusted
MANGOHUD_LOG	boolean	toggle	0	trusted
MANGOHUD_CONFIG	value	advanced	0	trusted
MANGOHUD_CONFIGFILE	value	advanced	0	trusted
NETWORK_TUNE	boolean	toggle	1	trusted
DEBUG	boolean	toggle	0	trusted
X3D_CPUS	value	advanced	1	trusted
GAME_NIC	value	advanced	0	trusted
GAMESCOPE	boolean	toggle	1	trusted
GAMESCOPE_W	value	advanced	1	trusted
GAMESCOPE_H	value	advanced	1	trusted
GAMESCOPE_R	value	advanced	1	trusted
GAMESCOPE_ADAPTIVE_SYNC	value	advanced	0	trusted
GAMESCOPE_EXPOSE_WAYLAND	boolean	toggle	0	trusted
GAMESCOPE_FSR	boolean	toggle	0	trusted
GAMESCOPE_FSR_SHARPNESS	value	advanced	0	trusted
GAMESCOPE_EXTRA_ARGS	value	advanced	0	trusted
GAMESCOPE_PREFER_OUTPUT	value	advanced	0	trusted
GAMESCOPE_FRAME_LIMIT	value	advanced	0	trusted
GAMESCOPE_FILTER	value	advanced	0	trusted
GAMESCOPE_FOCUSED_FPS	value	advanced	0	trusted
GAMESCOPE_UNFOCUSED_FPS	value	advanced	0	trusted
GAMESCOPE_NESTED_FIX	boolean	toggle	0	trusted
SHADER_CACHE_CHECK	boolean	toggle	0	trusted
SHADER_CACHE_MAX_GB	value	advanced	0	trusted
SHADER_CACHE_TRIM	boolean	toggle	1	trusted
SHADER_CACHE_CHECK_INTERVAL_HOURS	value	advanced	0	trusted
SHADER_CACHE_BOOST	boolean	toggle	1	trusted
SHADER_CACHE_BOOST_GB	value	advanced	0	trusted
COMPATDATA_CHECK	boolean	toggle	0	trusted
COMPATDATA_MAX_GB	value	advanced	0	trusted
COMPATDATA_TRIM	boolean	toggle	0	trusted
VM_MAX_MAP_COUNT_MIN	value	advanced	0	trusted
VM_MAX_MAP_COUNT_FIX	boolean	toggle	0	trusted
VRAM_HOG_UNITS	value	advanced	0	untrusted
VRAM_HOGS	boolean	toggle	1	untrusted
VRAM_HOG_PIDS	value	advanced	0	untrusted
LAUNCH_WATCHDOG	boolean	toggle	0	trusted
LAUNCH_WRAPPERS	value	advanced	1	untrusted
LAUNCH_WRAPPERS_BEFORE	value	advanced	1	untrusted
GAME_EXTRA_ARGS	value	advanced	1	trusted
UNSET_VARS	value	advanced	1	trusted
FORCE_NATIVE	boolean	toggle	1	trusted
FORCE_PROTON	boolean	toggle	1	trusted
VRAM_PREFLIGHT_MIN_MB	value	advanced	1	trusted
PIPEWIRE_LOW_LATENCY	boolean	toggle	1	trusted
LAUNCH_LOG_MAX_LINES	value	advanced	0	trusted
PRE_LAUNCH_CMD	value	advanced	1	untrusted
POST_LAUNCH_CMD	value	advanced	1	untrusted
DISK_PREFLIGHT_MIN_GB	value	advanced	1	trusted
GPU_POWER_CHECK	boolean	toggle	1	trusted
NVIDIA_POWER_MODE	boolean	toggle	1	trusted
CONCURRENT_LAUNCH_GUARD	boolean	toggle	0	trusted
GPU_VRAM_PROCESS_MIN_MB	value	advanced	0	trusted
DISABLE_CPU_AFFINITY	boolean	toggle	1	trusted
GAME_PERFORMANCE	boolean	toggle	1	trusted
CPU_AFFINITY_RANGE	value	advanced	1	trusted
DISABLE_NIC_EEE	boolean	toggle	1	trusted
DISABLE_WIFI_POWER_SAVE	boolean	toggle	1	trusted
MALLOC_ALLOCATOR	value	advanced	1	trusted
ENABLE_HDR	value	advanced	1	trusted
GAMESCOPE_HDR	boolean	toggle	1	trusted
DISK_TUNE	boolean	toggle	1	trusted
OVERRIDE_PROTON	value	advanced	1	untrusted
DLSS_SWAPPER	enum	both	1	trusted
PROTON_DLSS_UPGRADE	boolean	toggle	1	trusted
PROTON_DLSS_INDICATOR	boolean	toggle	0	trusted
PROTON_FSR4_UPGRADE	boolean	toggle	1	trusted
PROTON_FSR4_RDNA3_UPGRADE	boolean	toggle	0	trusted
PROTON_FSR4_INDICATOR	boolean	toggle	0	trusted
PROTON_XESS_UPGRADE	boolean	toggle	1	trusted
PROTON_NVIDIA_LIBS	boolean	toggle	0	trusted
PROTON_NVIDIA_LIBS_NO_32BIT	boolean	toggle	0	trusted
LD_BIND_NOW	boolean	toggle	1	trusted
VKBASALT	boolean	toggle	1	trusted
VKBASALT_CONFIG_FILE	value	advanced	0	trusted
VKBASALT_LOG_LEVEL	value	advanced	0	trusted
LATENCYFLEX	boolean	toggle	1	trusted
DISABLE_VBLANK	boolean	toggle	1	trusted
DISABLE_STEAM_DECK	boolean	toggle	1	trusted
FRAME_RATE	value	advanced	1	trusted
LSFG_VK	boolean	toggle	1	trusted
LSFG_PROCESS	value	advanced	0	trusted
LSFG_CONFIG_FILE	value	advanced	0	trusted
OBS_VKCAPTURE	boolean	toggle	1	trusted
DISCORD_IPC	boolean	toggle	1	trusted
REPLAY_CAPTURE	boolean	toggle	1	trusted
REPLAY_TOOL	value	advanced	0	trusted
BLOCK_INTERNET	boolean	toggle	1	untrusted
CONTY	boolean	toggle	1	untrusted
CONTY_PATH	value	advanced	0	untrusted
WINETRICKS_VERBS	value	advanced	1	untrusted
WINETRICKS_GUI	boolean	toggle	0	untrusted
WINECFG_BEFORE	boolean	toggle	0	untrusted
REGISTRY_FILES	value	advanced	0	untrusted
WINE_FSR	boolean	toggle	0	untrusted
WINE_FSR_STRENGTH	value	advanced	0	untrusted
WINE_FSR_MODE	value	advanced	0	untrusted
SPECIAL_K	boolean	toggle	1	untrusted
SPECIAL_K_DLL	value	advanced	0	untrusted
SPECIAL_K_SOURCE	value	advanced	0	untrusted
SPECIAL_K_INI	value	advanced	0	untrusted
SPECIAL_K_FETCH	boolean	toggle	0	untrusted
SPECIAL_K_FETCH_URL	value	advanced	0	untrusted
SPECIAL_K_VERSION	value	advanced	0	untrusted
RESHADE	boolean	toggle	1	untrusted
RESHADE_DLL	value	advanced	0	untrusted
RESHADE_SOURCE	value	advanced	0	untrusted
RESHADE_SK_VERSION	value	advanced	0	untrusted
DEPTH3D	boolean	toggle	1	untrusted
DEPTH3D_SOURCE	value	advanced	0	untrusted
DEPTH3D_FETCH_URL	value	advanced	0	untrusted
SKIF	boolean	toggle	0	untrusted
SKIF_PATH	value	advanced	0	untrusted
SKIF_LAUNCH	boolean	toggle	0	untrusted
VALVEPLUG	boolean	toggle	0	untrusted
VALVEPLUG_SOURCE	value	advanced	0	untrusted
VALVEPLUG_STEAM_DIR	value	advanced	0	untrusted
FLAWLESS_WIDESCREEN	boolean	toggle	1	untrusted
FWS	value	advanced	0	untrusted
FWS_PATH	value	advanced	0	untrusted
FWS_COLAUNCH	boolean	toggle	0	untrusted
SPECIALTY_RUNTIME	value	advanced	1	untrusted
OPENVR_FSR	boolean	toggle	1	untrusted
OPENVR_FSR_SOURCE	value	advanced	0	untrusted
GEO11	boolean	toggle	1	untrusted
GEO11_SOURCE	value	advanced	0	untrusted
GEO11_SBS_VR	boolean	toggle	0	untrusted
SBS_VR	boolean	toggle	1	untrusted
SBS_VR_PLAYER	value	advanced	0	untrusted
SBS_VR_REQUIRE_HMD	boolean	toggle	0	untrusted
FLAT2VR	boolean	toggle	1	untrusted
FLAT2VR_SOURCE	value	advanced	0	untrusted
PLAYTIME_LOG	boolean	toggle	1	trusted
CRASH_GUESS	boolean	toggle	0	trusted
CRASH_GUESS_TIMEOUT	value	advanced	0	trusted
INJECT_SHA256	value	advanced	0	trusted
